DictName,accuracy,0_precision,0_recall,0_f1-score,0_support,1_precision,1_recall,1_f1-score,1_support,macro avg_precision,macro avg_recall,macro avg_f1-score,macro avg_support,weighted avg_precision,weighted avg_recall,weighted avg_f1-score,weighted avg_support
setfit_eval_results,0.8333333333333334,0.8472222222222222,0.9682539682539683,0.9037037037037037,63.0,0.6666666666666666,0.26666666666666666,0.38095238095238093,15.0,0.7569444444444444,0.6174603174603175,0.6423280423280423,78.0,0.8125,0.8333333333333334,0.8031746031746031,78.0
setfit_ecco_eval_results,0.48725212464589235,0.41423948220064727,1.0,0.585812356979405,128.0,1.0,0.19555555555555557,0.3271375464684015,225.0,0.7071197411003236,0.5977777777777777,0.4564749517239033,353.0,0.7875995856138324,0.48725212464589235,0.42093464489732063,353.0
setfit_caa_eval_results,0.9567723342939481,0.9567099567099567,1.0,0.9778761061946902,663.0,1.0,0.03225806451612903,0.0625,31.0,0.9783549783549783,0.5161290322580645,0.5201880530973451,694.0,0.9586436618136907,0.9567723342939481,0.9369875481370024,694.0
setfit_combined_eval_results,0.6837606837606838,0.6694152923538231,0.9966517857142857,0.8008968609865471,896.0,0.9571428571428572,0.13188976377952755,0.23183391003460208,508.0,0.8132790747483402,0.5642707747469067,0.5163653855105745,1404.0,0.7735218471350407,0.6837606837606838,0.5949965909839916,1404.0
